-- ============================================================
-- SQL SERVER — ЗАПОЛНЕНИЕ ДАННЫМИ
-- ============================================================

USE RentalService;
GO

-- ============================================================
-- 1. ТИПЫ ОБЪЕКТОВ
-- ============================================================

INSERT INTO OBJECT_TYPE (type_name, category) VALUES
(N'Квартира', N'Жилая'),
(N'Дом', N'Жилая'),
(N'Офис', N'Коммерческая'),
(N'Склад', N'Коммерческая'),
(N'Автомобиль', N'Транспорт'),
(N'Грузовик', N'Транспорт'),
(N'Строительное оборудование', N'Оборудование'),
(N'Офисная техника', N'Оборудование');

-- ============================================================
-- 2. СОБСТВЕННИКИ
-- ============================================================

INSERT INTO OWNER (full_name, phone, email, passport_data, bank_account) VALUES
(N'Иванов Сергей Петрович', '+79001234567', 'ivanov@mail.ru', '4515 123456', '40817810100001234567'),
(N'Петрова Мария Ивановна', '+79009876543', 'petrova@mail.ru', '4515 654321', '40817810100007654321'),
(N'Сидоров Олег Викторович', '+79111111111', 'sidorov@mail.ru', '4515 111111', '40817810100001111111'),
(N'Козлова Анна Сергеевна', '+79222222222', 'kozlova@mail.ru', '4515 222222', '40817810100002222222'),
(N'Новиков Дмитрий Андреевич', '+79333333333', 'novikov@mail.ru', '4515 333333', '40817810100003333333');

-- ============================================================
-- 3. КЛИЕНТЫ
-- ============================================================

INSERT INTO CLIENT (full_name, phone, email, passport_data, client_type, registration_date) VALUES
(N'Смирнов Алексей Владимирович', '+79444444444', 'smirnov@mail.ru', '4515 444444', N'Физическое лицо', '2024-01-15'),
(N'Васильева Елена Дмитриевна', '+79555555555', 'vasilieva@mail.ru', '4515 555555', N'Физическое лицо', '2024-02-20'),
(N'ООО СтройПроект', '+79666666666', 'info@stroyproekt.ru', '7701234567', N'Юридическое лицо', '2024-03-10'),
(N'Козлов Михаил Сергеевич', '+79777777777', 'kozlov@mail.ru', '4515 777777', N'Физическое лицо', '2024-04-05'),
(N'ИП Иванова Татьяна Петровна', '+79888888888', 'ip.ivanova@mail.ru', '4515 888888', N'Юридическое лицо', '2024-05-12'),
(N'Морозов Павел Андреевич', '+79999999999', 'morozov@mail.ru', '4515 999999', N'Физическое лицо', '2024-06-01');

-- ============================================================
-- 4. ОБЪЕКТЫ АРЕНДЫ
-- ============================================================

INSERT INTO RENTAL_OBJECT (owner_id, type_id, address, area, daily_rate, status, description) VALUES
(1, 1, N'г. Москва, ул. Ленина, д. 10, кв. 25', 45.5, 2500.00, N'Занят', N'Однокомнатная квартира, ремонт 2023'),
(1, 1, N'г. Москва, ул. Гагарина, д. 5, кв. 12', 62.0, 3500.00, N'Свободен', N'Двухкомнатная квартира с балконом'),
(2, 2, N'г. Санкт-Петербург, ул. Солнечная, д. 15', 120.0, 5000.00, N'Занят', N'Коттедж с участком 10 соток'),
(2, 3, N'г. Москва, пр. Мира, д. 100, оф. 305', 35.0, 4000.00, N'Свободен', N'Офис в бизнес-центре класса B'),
(3, 4, N'г. Екатеринбург, ул. Промышленная, д. 50', 200.0, 3000.00, N'На ремонте', N'Склад с погрузчиком'),
(3, 5, N'г. Москва, ш. Энтузиастов, д. 20', NULL, 2000.00, N'Занят', N'Легковой автомобиль Hyundai Solaris'),
(4, 6, N'г. Казань, ул. Транспортная, д. 8', NULL, 4500.00, N'Свободен', N'Грузовик 5 тонн с водителем'),
(4, 7, N'г. Новосибирск, ул. Строительная, д. 30', NULL, 1500.00, N'Свободен', N'Бетономешалка, отбойный молоток'),
(5, 8, N'г. Москва, ул. Технологическая, д. 12', NULL, 800.00, N'Забронирован', N'Принтер, сканер, копир'),
(1, 3, N'г. Москва, ул. Арбат, д. 1, оф. 100', 50.0, 6000.00, N'Свободен', N'Престижный офис в центре');

-- ============================================================
-- 5. ДОГОВОРЫ АРЕНДЫ (триггер автоматически пересчитает total_amount!)
-- ============================================================

INSERT INTO RENTAL_CONTRACT (object_id, client_id, start_date, end_date, total_amount, status, deposit_amount) VALUES
(1, 1, '2024-06-01', '2024-06-30', 72500.00, N'Активен', 5000.00),
(3, 2, '2024-05-15', '2024-08-15', 465000.00, N'Активен', 10000.00),
(6, 4, '2024-06-10', '2024-06-20', 20000.00, N'Активен', 3000.00),
(2, 3, '2024-04-01', '2024-05-31', 217000.00, N'Завершен', 7000.00),
(4, 5, '2024-06-15', '2024-07-15', 124000.00, N'Активен', 8000.00),
(9, 6, '2024-07-01', '2024-07-10', 7200.00, N'Активен', 2000.00);

-- ============================================================
-- 6. ПЛАТЕЖИ КЛИЕНТОВ
-- ============================================================

INSERT INTO PAYMENT (contract_id, client_id, payment_date, amount, payment_type, status) VALUES
(1, 1, '2024-06-01', 72500.00, N'Безналичные', N'Выполнен'),
(2, 2, '2024-05-15', 155000.00, N'Безналичные', N'Выполнен'),
(2, 2, '2024-06-15', 155000.00, N'Безналичные', N'Выполнен'),
(3, 4, '2024-06-10', 20000.00, N'Карта', N'Выполнен'),
(4, 3, '2024-04-01', 217000.00, N'Безналичные', N'Выполнен'),
(5, 5, '2024-06-15', 62000.00, N'Безналичные', N'Выполнен'),
(1, 1, '2024-06-15', 10, N'Наличные', N'Ожидает'),
(6, 6, '2024-06-25', 7200.00, N'Онлайн', N'Выполнен');

-- ============================================================
-- 7. ВЫПЛАТЫ СОБСТВЕННИКАМ
-- ============================================================

INSERT INTO OWNER_PAYMENT (owner_id, contract_id, payment_date, amount, commission_percent) VALUES
(1, 1, '2024-06-02', 65250.00, 10.00),
(2, 2, '2024-05-16', 139500.00, 10.00),
(2, 2, '2024-06-16', 139500.00, 10.00),
(3, 3, '2024-06-11', 18000.00, 10.00),
(2, 4, '2024-04-02', 195300.00, 10.00),
(4, 5, '2024-06-16', 55800.00, 10.00),
(5, 6, '2024-06-26', 6480.00, 10.00);

-- ============================================================
-- 8. ОБСЛУЖИВАНИЕ
-- ============================================================

INSERT INTO MAINTENANCE (object_id, maintenance_date, description, cost, executor) VALUES
(5, '2024-06-01', N'Покраска стен, замена освещения', 15000.00, N'ООО РемонтСтрой'),
(1, '2024-05-15', N'Профилактика сантехники', 3500.00, N'Иванов С.П.'),
(6, '2024-06-05', N'Замена масла, ТО-1', 8000.00, N'Автосервис Мастер'),
(3, '2024-05-10', N'Чистка бассейна, уборка территории', 5000.00, N'КлинингПро');

-- ============================================================
-- 9. БРОНИРОВАНИЯ
-- ============================================================

INSERT INTO BOOKING (object_id, client_id, booking_date, planned_start, planned_end, status) VALUES
(9, 6, '2024-06-20', '2024-07-01', '2024-07-10', N'Подтверждена'),
(7, 3, '2024-06-18', '2024-07-05', '2024-07-20', N'Активна'),
(8, 4, '2024-06-19', '2024-07-01', '2024-07-15', N'Активна'),
(10, 2, '2024-06-15', '2024-08-01', '2024-08-31', N'Отменена');

GO